{"stat.chestOpened":4,"stat.pickup.ic2.resource":8,"stat.flyOneCm":391,"stat.walkOneCm":15502,"stat.jump":2,"stat.playOneMinute":12685,"stat.mineBlock.ic2.resource":2,"stat.useItem.immersiveengineering.ore":2,"stat.leaveGame":1,"stat.sneakTime":267,"stat.useItem.rftools.shape_card":6,"stat.mineBlock.immersiveengineering.ore":2,"stat.useItem.minecraft.diamond_pickaxe":8,"stat.crouchOneCm":280,"stat.useItem.forestry.resources":1,"stat.timeSinceDeath":12635,"stat.mineBlock.forestry.resources":2,"stat.useItem.ic2.resource":6,"stat.useItem.embers.ore_copper":1,"stat.mineBlock.embers.ore_copper":2,"stat.sprintOneCm":92,"stat.useItem.minecraft.stone_slab2":33}