{"stat.pickup.ic2.resource":79,"stat.drop.immersiveengineering.ore":1,"stat.drop.thermalfoundation.ore":1,"stat.walkOneCm":6137,"stat.drop":5,"stat.playOneMinute":4286,"stat.mineBlock.ic2.resource":2,"stat.useItem.immersiveengineering.ore":1,"stat.drop.ic2.resource":1,"stat.leaveGame":1,"stat.drop.forestry.resources":1,"stat.mineBlock.immersiveengineering.ore":2,"stat.mineBlock.thermalfoundation.ore":2,"stat.useItem.minecraft.diamond_pickaxe":10,"stat.timeSinceDeath":4286,"stat.mineBlock.forestry.resources":2,"stat.mineBlock.embers.ore_copper":2,"stat.useItem.minecraft.stone_slab2":9,"stat.drop.embers.ore_copper":1}